[{"id":"user-image-field.jpg","fileName":"field.jpg","name":"field","publicUrl":"https://assets.nicepagecdn.com/6169d6d0/6147173/images/field.jpg","size":22270,"hash":"xnfBhvXK/Yi1wORjJpOTallqhjI=","width":320,"height":180,"folderId":null,"thumbnail":{"url":"https://assets.nicepagecdn.com/6169d6d0/6147173/images/thumbnails/field.jpg","width":150,"height":84},"usages":["2030857"]},{"id":"user-image-IMG_8747.jpg","fileName":"IMG_8747.jpg","name":"IMG_8747","publicUrl":"https://assets.nicepagecdn.com/6169d6d0/6147173/images/IMG_8747.jpg","size":367799,"hash":"kgH6SacwYY+NrzQ2XwPLXn5HPKg=","width":975,"height":973,"folderId":null,"thumbnail":{"url":"https://assets.nicepagecdn.com/6169d6d0/6147173/images/thumbnails/IMG_8747.jpg","width":150,"height":150},"usages":["2030857"]},{"id":"user-image-competition_image_6-1.jpg","fileName":"competition_image_6-1.jpg","name":"competition_image_6-1","publicUrl":"https://assets.nicepagecdn.com/6169d6d0/6147173/images/competition_image_6-1.jpg","size":224682,"hash":"+MZsoOCP76S99OuTRJnc+kzUr3o=","width":1112,"height":1105,"folderId":null,"thumbnail":{"url":"https://assets.nicepagecdn.com/6169d6d0/6147173/images/thumbnails/competition_image_6-1.jpg","width":150,"height":149},"usages":["2030857"]},{"id":"user-image-trophy-min.jpeg","fileName":"trophy-min.jpeg","name":"trophy-min","publicUrl":"https://assets.nicepagecdn.com/6169d6d0/6147173/images/trophy-min.jpeg","size":100859,"hash":"r5pGfsm2zvK2yzvw/qu8vB1a0Jk=","width":1818,"height":1824,"folderId":null,"thumbnail":{"url":"https://assets.nicepagecdn.com/6169d6d0/6147173/images/thumbnails/trophy-min.jpeg","width":150,"height":150},"usages":["2030857"]},{"id":"user-image-competition_image_5-min.jpeg","fileName":"competition_image_5-min.jpeg","name":"competition_image_5-min","publicUrl":"https://assets.nicepagecdn.com/6169d6d0/6147173/images/competition_image_5-min.jpeg","size":67162,"hash":"0OJZz+aVdYRSRtZyHO+FRKdmF6A=","width":919,"height":933,"folderId":null,"thumbnail":{"url":"https://assets.nicepagecdn.com/6169d6d0/6147173/images/thumbnails/competition_image_5-min.jpeg","width":148,"height":150},"usages":["2030857"]},{"id":"user-image-outreach_image_1-min.jpeg","fileName":"outreach_image_1-min.jpeg","name":"outreach_image_1-min","publicUrl":"https://assets.nicepagecdn.com/6169d6d0/6147173/images/outreach_image_1-min.jpeg","size":285259,"hash":"0K095A3EMmNxLOhAsZQ22c08Vvs=","width":2308,"height":1775,"folderId":null,"thumbnail":{"url":"https://assets.nicepagecdn.com/6169d6d0/6147173/images/thumbnails/outreach_image_1-min.jpeg","width":150,"height":115},"usages":["2030857"]},{"id":"user-image-competition_image_4-min.jpeg","fileName":"competition_image_4-min.jpeg","name":"competition_image_4-min","publicUrl":"https://assets.nicepagecdn.com/6169d6d0/6147173/images/competition_image_4-min.jpeg","size":243610,"hash":"+FLKF2EqjqMag9Zy4xBUgo6tulI=","width":1920,"height":1080,"folderId":null,"thumbnail":{"url":"https://assets.nicepagecdn.com/6169d6d0/6147173/images/thumbnails/competition_image_4-min.jpeg","width":150,"height":84},"usages":["1448326726","2030857"]},{"id":"user-image-competition_image_3.jpg","fileName":"competition_image_3.jpg","name":"competition_image_3","publicUrl":"https://assets.nicepagecdn.com/6169d6d0/6147173/images/competition_image_3.jpg","size":436699,"hash":"mSIUgS+vwEE4t7rKRZYf8g1cA10=","width":1706,"height":1279,"folderId":null,"thumbnail":{"url":"https://assets.nicepagecdn.com/6169d6d0/6147173/images/thumbnails/competition_image_3.jpg","width":150,"height":112},"usages":["1448326726"]},{"id":"user-image-drone_competition.jpg","fileName":"drone_competition.jpg","name":"drone_competition","publicUrl":"https://assets.nicepagecdn.com/6169d6d0/6147173/images/drone_competition.jpg","size":5570,"hash":"KQQWIMxPFKQVv36BjYqoDNwtOCM=","width":221,"height":228,"folderId":null,"thumbnail":{"url":"https://assets.nicepagecdn.com/6169d6d0/6147173/images/thumbnails/drone_competition.jpg","width":145,"height":150},"usages":["1448326726","2030857"]},{"id":"user-image-competition_image_2.jpg","fileName":"competition_image_2.jpg","name":"competition_image_2","publicUrl":"https://assets.nicepagecdn.com/6169d6d0/6147173/images/competition_image_2.jpg","size":361536,"hash":"qdF3Dh677VZ1soClnbsZ36mn4vE=","width":1706,"height":1278,"folderId":null,"thumbnail":{"url":"https://assets.nicepagecdn.com/6169d6d0/6147173/images/thumbnails/competition_image_2.jpg","width":150,"height":112},"usages":["1448326726","2030857"]},{"id":"user-image-competition_image_1-min.jpeg","fileName":"competition_image_1-min.jpeg","name":"competition_image_1-min","publicUrl":"https://assets.nicepagecdn.com/6169d6d0/6147173/images/competition_image_1-min.jpeg","size":497064,"hash":"g3DLfU5XE+LSUx3rsyaJLVsjmWQ=","width":1920,"height":1912,"folderId":null,"thumbnail":{"url":"https://assets.nicepagecdn.com/6169d6d0/6147173/images/thumbnails/competition_image_1-min.jpeg","width":150,"height":149},"usages":[]},{"id":"user-image-logo.png","fileName":"logo.png","name":"logo","publicUrl":"https://assets.nicepagecdn.com/6169d6d0/6147173/images/logo.png","size":80105,"hash":"eSAIOUhNuXv+9QYAcJz6ce1BKo8=","width":480,"height":480,"folderId":null,"thumbnail":{"url":"https://assets.nicepagecdn.com/6169d6d0/6147173/images/thumbnails/logo.png","width":150,"height":150},"usages":[]}]