[{"id":2221518768,"title":"Blog Template","order":1,"templateKey":"blog","customTemplate":false,"customTemplateFilename":null,"pageLinks":[],"dateCreated":"2024-01-15T21:33:05.070Z","dateUpdated":"2024-01-15T21:33:16.191Z","folderId":null,"pageName":"Blog Template","sectionCount":1,"status":2},{"id":51194741,"title":"Post Template","order":2,"templateKey":"post","customTemplate":false,"customTemplateFilename":null,"pageLinks":[],"dateCreated":"2024-01-15T21:33:05.241Z","dateUpdated":"2024-01-15T21:33:16.192Z","folderId":null,"pageName":"Post Template","sectionCount":1,"status":2},{"id":298195605,"title":"Product List Template","order":3,"templateKey":"products","customTemplate":false,"customTemplateFilename":null,"pageLinks":[],"dateCreated":"2024-01-15T21:33:05.400Z","dateUpdated":"2024-01-15T21:33:16.192Z","folderId":null,"pageName":"Product List Template","sectionCount":1,"status":2},{"id":129909030,"title":"Product Details Template","order":4,"templateKey":"product","customTemplate":false,"customTemplateFilename":null,"pageLinks":[],"dateCreated":"2024-01-15T21:33:05.564Z","dateUpdated":"2024-01-15T21:33:16.192Z","folderId":null,"pageName":"Product Details Template","sectionCount":1,"status":2},{"id":2419419057,"title":"Shopping Cart Template","order":5,"templateKey":"cart","customTemplate":false,"customTemplateFilename":null,"pageLinks":[],"dateCreated":"2024-01-15T21:33:05.684Z","dateUpdated":"2024-01-15T21:33:16.192Z","folderId":null,"pageName":"Shopping Cart Template","sectionCount":1,"status":2},{"id":78825935,"title":"Login Template","order":7,"templateKey":"login","customTemplate":false,"customTemplateFilename":null,"pageLinks":[],"dateCreated":"2024-01-15T21:33:05.826Z","dateUpdated":"2024-01-15T21:33:16.192Z","folderId":null,"pageName":"Login Template","sectionCount":1,"status":2},{"id":63293025,"title":"Password Template","order":8,"templateKey":"password","customTemplate":false,"customTemplateFilename":null,"pageLinks":[],"dateCreated":"2024-01-15T21:33:05.901Z","dateUpdated":"2024-01-15T21:33:16.192Z","folderId":null,"pageName":"Password Template","sectionCount":1,"status":2},{"id":258231008,"title":"404 Not Found Template","order":9,"templateKey":"404","customTemplate":false,"customTemplateFilename":null,"pageLinks":[],"dateCreated":"2024-01-15T21:33:05.969Z","dateUpdated":"2024-01-15T21:33:16.192Z","folderId":null,"pageName":"404 Not Found Template","sectionCount":1,"status":2},{"id":135828785,"title":"Thank You Template","order":10,"templateKey":"ThankYou","customTemplate":false,"customTemplateFilename":null,"pageLinks":[],"dateCreated":"2024-01-15T21:33:06.030Z","dateUpdated":"2024-01-15T21:33:16.192Z","folderId":null,"pageName":"Thank You Template","sectionCount":1,"status":2},{"id":2030857,"title":"Home","order":50,"templateKey":null,"customTemplate":false,"customTemplateFilename":null,"pageLinks":["2030857"],"dateCreated":"2024-01-15T21:33:19.066Z","dateUpdated":"2024-01-16T03:47:05.440Z","folderId":null,"pageName":"Home_2030857","sectionCount":3,"status":2},{"id":930413960,"title":"About","order":100,"templateKey":null,"customTemplate":false,"customTemplateFilename":null,"pageLinks":[],"dateCreated":"2024-01-15T21:33:06.329Z","dateUpdated":"2024-01-15T22:24:21.104Z","folderId":null,"pageName":"About_930413960","sectionCount":3,"status":2},{"id":88129958,"title":"Outreach","order":101,"templateKey":null,"customTemplate":false,"customTemplateFilename":null,"pageLinks":["2030857"],"dateCreated":"2024-01-16T02:25:54.400Z","dateUpdated":"2024-01-16T03:58:59.117Z","folderId":null,"pageName":"Outreach_88129958","sectionCount":1,"status":2},{"id":269930589,"title":"Teaching","order":102,"templateKey":null,"customTemplate":false,"customTemplateFilename":null,"pageLinks":["2030857"],"dateCreated":"2024-01-16T02:25:59.529Z","dateUpdated":"2024-01-16T03:53:01.170Z","folderId":null,"pageName":"Teaching_269930589","sectionCount":1,"status":2},{"id":1448326726,"title":"Competitions","order":103,"templateKey":null,"customTemplate":false,"customTemplateFilename":null,"pageLinks":["2030857"],"dateCreated":"2024-01-16T02:26:02.281Z","dateUpdated":"2024-01-16T03:04:05.083Z","folderId":null,"pageName":"Competitions_1448326726","sectionCount":2,"status":2}]